zones,annee,saison,type,superficie,production,station,cloud_cover_mean_saison,et0_fao_evapotranspiration_saison,nb_jours_pluie,nb_jours_saison,precipitation_hours_saison,precipitation_sum_saison,shortwave_radiation_saison,soil_moisture_saison,soil_temperature_saison,sunshine_duration_saison,temperature_2m_mean_saison,wind_speed_10m_max_saison
Kemacina,2018,hivernage,casiers,12800.0,81920.0,kemacina,60.532786885245905,4.9173770491803275,79.0,122,450,369.9,19.95393442622951,0.2177704918032787,30.904098360655738,4127682.04,28.513934426229508,13.904098360655738
Kemacina,2018,hivernage,hors_casiers,68.0,374.68,kemacina,60.532786885245905,4.9173770491803275,79.0,122,450,369.9,19.95393442622951,0.2177704918032787,30.904098360655738,4127682.04,28.513934426229508,13.904098360655738
Kemacina,2018,contre_saison,casiers,1656.12,9109.0,kemacina,38.947916666666664,7.620625,5.0,96,24,7.0,22.319895833333334,0.13226041666666666,29.87708333333333,3553431.71,29.90833333333333,15.227083333333333
Kolongo,2018,hivernage,casiers,12800.0,81920.0,kolongo,59.0,5.16655737704918,76.0,122,386,332.3,20.023032786885246,0.28535245901639344,32.523770491803276,4144513.9,28.927049180327867,16.427868852459017
Kolongo,2018,hivernage,hors_casiers,2207.27,11349.76,kolongo,59.0,5.16655737704918,76.0,122,386,332.3,20.023032786885246,0.28535245901639344,32.523770491803276,4144513.9,28.927049180327867,16.427868852459017
Kolongo,2018,contre_saison,casiers,891.29,4751.0,kolongo,38.577319587628864,8.03556701030928,6.0,97,17,3.5,22.409484536082473,0.24778350515463918,31.122680412371135,3595052.99,29.990721649484534,17.370103092783506
Sosse_sibila,2018,hivernage,casiers,4542.59,15031.43,sosse,60.74590163934426,4.656147540983606,89.0,122,487,412.7,19.43155737704918,0.3641475409836066,30.904098360655738,4108659.02,28.252459016393445,13.923770491803278
Sosse_sibila,2018,hivernage,hors_casiers,,,sosse,60.74590163934426,4.656147540983606,89.0,122,487,412.7,19.43155737704918,0.3641475409836066,30.904098360655738,4108659.02,28.252459016393445,13.923770491803278
Niono,2018,hivernage,casiers,13044.78,84295.37,niono,59.5,4.949180327868852,76.0,122,415,370.6,19.70704918032787,0.21958196721311476,31.368032786885248,4125421.15,28.74590163934426,14.367213114754097
Niono,2018,hivernage,hors_casiers,712.22,3675.06,niono,59.5,4.949180327868852,76.0,122,415,370.6,19.70704918032787,0.21958196721311476,31.368032786885248,4125421.15,28.74590163934426,14.367213114754097
Niono,2018,contre_saison,casiers,1781.03,9618.0,niono,38.65625,7.7540625,4.0,96,10,2.5,22.025625,0.13215625,30.690625,3546537.01,30.036458333333332,15.738541666666668
Molodo,2018,hivernage,casiers,11906.0,75603.1,molodo,59.5,4.950245901639343,76.0,122,415,370.6,19.70704918032787,0.21958196721311476,31.378688524590164,4125421.15,28.762295081967213,14.367213114754097
Molodo,2018,hivernage,hors_casiers,1081.38,4866.21,molodo,59.5,4.950245901639343,76.0,122,415,370.6,19.70704918032787,0.21958196721311476,31.378688524590164,4125421.15,28.762295081967213,14.367213114754097
Molodo,2018,contre_saison,casiers,1089.52,6319.0,molodo,38.597938144329895,7.750721649484537,4.0,97,10,2.5,22.019278350515464,0.1321958762886598,30.656701030927834,3585117.38,29.989690721649485,15.751546391752578
Ndebougou,2018,hivernage,casiers,19522.32,119867.04,ndebougou,58.73770491803279,5.102622950819672,77.0,122,407,397.40000000000003,19.842377049180328,0.3081967213114754,32.10327868852459,4160737.45,29.062295081967214,14.29016393442623
Ndebougou,2018,hivernage,hors_casiers,328.4,1871.88,ndebougou,58.73770491803279,5.102622950819672,77.0,122,407,397.40000000000003,19.842377049180328,0.3081967213114754,32.10327868852459,4160737.45,29.062295081967214,14.29016393442623
Ndebougou,2018,contre_saison,casiers,1672.7,9217.0,ndebougou,38.22680412371134,7.831340206185567,5.0,97,11,2.4000000000000004,22.044123711340205,0.22848453608247424,31.024742268041237,3597131.1,29.986597938144328,15.857731958762887
Kouroumari,2018,hivernage,casiers,27301.5,173910.56,kouroumari,56.295081967213115,5.416475409836065,64.0,122,322,265.4,20.234180327868852,0.2955327868852459,32.43032786885246,4248918.92,29.700819672131146,15.022131147540984
Kouroumari,2018,hivernage,hors_casiers,2513.62,13146.23,kouroumari,56.295081967213115,5.416475409836065,64.0,122,322,265.4,20.234180327868852,0.2955327868852459,32.43032786885246,4248918.92,29.700819672131146,15.022131147540984
Kouroumari,2018,contre_saison,casiers,934.74,4917.0,kouroumari,35.865979381443296,8.2559793814433,5.0,97,10,2.6,22.20886597938144,0.264659793814433,30.45876288659794,3626761.07,29.737113402061855,17.90721649484536
Mbewani,2018,hivernage,casiers,19251.63,118513.03,mbewani,60.71311475409836,4.891475409836065,78.0,122,438,393.8,19.834672131147542,0.30816393442622947,31.39016393442623,4098071.32,28.47622950819672,14.085245901639345
Mbewani,2018,hivernage,hors_casiers,472.32,2444.26,mbewani,60.71311475409836,4.891475409836065,78.0,122,438,393.8,19.834672131147542,0.30816393442622947,31.39016393442623,4098071.32,28.47622950819672,14.085245901639345
Kemacina,2019,hivernage,casiers,10271.12,65632.46,kemacina,58.77049180327869,5.1326229508196715,76.0,122,387,376.2,20.128360655737705,0.19815573770491804,31.63606557377049,4215299.26,29.492622950819673,14.760655737704917
Kemacina,2019,hivernage,hors_casiers,68.87,369.14,kemacina,58.77049180327869,5.1326229508196715,76.0,122,387,376.2,20.128360655737705,0.19815573770491804,31.63606557377049,4215299.26,29.492622950819673,14.760655737704917
Kemacina,2019,contre_saison,casiers,1508.63,8841.0,kemacina,38.525,7.621583333333334,2.0,120,6,5.4,22.259416666666667,0.13620000000000002,28.477500000000003,4541040.15,27.9125,16.051666666666666
Kolongo,2019,hivernage,casiers,10900.48,72531.79,kolongo,58.18852459016394,5.402622950819672,77.0,122,387,320.3,20.32877049180328,0.30968032786885247,33.032786885245905,4265433.0,29.854098360655737,17.145901639344263
Kolongo,2019,hivernage,hors_casiers,2245.63,11731.15,kolongo,58.18852459016394,5.402622950819672,77.0,122,387,320.3,20.32877049180328,0.30968032786885247,33.032786885245905,4265433.0,29.854098360655737,17.145901639344263
Kolongo,2019,contre_saison,casiers,751.34,4010.3,kolongo,38.44166666666667,8.023,4.0,120,11,6.1,22.370416666666664,0.2648666666666667,29.39333333333333,4549893.27,27.935833333333335,18.657500000000002
Sosse_sibila,2019,hivernage,casiers,4597.59,15250.21,sosse,60.66393442622951,4.830245901639344,83.0,122,443,424.2,19.74827868852459,0.347844262295082,31.465573770491805,4175248.56,28.997540983606555,14.680327868852459
Sosse_sibila,2019,hivernage,hors_casiers,,,sosse,60.66393442622951,4.830245901639344,83.0,122,443,424.2,19.74827868852459,0.347844262295082,31.465573770491805,4175248.56,28.997540983606555,14.680327868852459
Niono,2019,hivernage,casiers,14222.89,91168.72,niono,58.0655737704918,5.236557377049181,82.0,122,379,382.0,20.076967213114752,0.19038524590163936,32.04344262295082,4283419.76,29.75983606557377,15.078688524590165
Niono,2019,hivernage,hors_casiers,223.9,1179.95,niono,58.0655737704918,5.236557377049181,82.0,122,379,382.0,20.076967213114752,0.19038524590163936,32.04344262295082,4283419.76,29.75983606557377,15.078688524590165
Niono,2019,contre_saison,casiers,1681.56,9097.24,niono,39.05,7.756333333333333,5.0,120,7,1.7,21.910666666666668,0.13943333333333333,28.9575,4512309.83,28.006666666666668,16.973333333333333
Molodo,2019,hivernage,casiers,12178.56,75507.07,molodo,58.0655737704918,5.237540983606557,82.0,122,379,382.0,20.076967213114752,0.19038524590163936,32.06311475409836,4283419.76,29.771311475409835,15.078688524590165
Molodo,2019,hivernage,hors_casiers,955.36,4294.34,molodo,58.0655737704918,5.237540983606557,82.0,122,379,382.0,20.076967213114752,0.19038524590163936,32.06311475409836,4283419.76,29.771311475409835,15.078688524590165
Molodo,2019,contre_saison,casiers,1130.0,6859.0,molodo,39.05,7.758333333333334,5.0,120,7,1.7,21.910666666666668,0.13943333333333333,28.96833333333333,4512309.83,28.02,16.973333333333333
Ndebougou,2019,hivernage,casiers,19589.19,117926.92,ndebougou,57.26229508196721,5.328032786885246,77.0,122,377,356.1,20.122213114754096,0.3104590163934426,32.54754098360656,4300870.31,29.979508196721312,15.166393442622951
Ndebougou,2019,hivernage,hors_casiers,210.61,941.43,ndebougou,57.26229508196721,5.328032786885246,77.0,122,377,356.1,20.122213114754096,0.3104590163934426,32.54754098360656,4300870.31,29.979508196721312,15.166393442622951
Ndebougou,2019,contre_saison,casiers,1620.46,9561.0,ndebougou,38.7,7.785083333333334,5.0,120,7,2.2,21.941333333333333,0.26565833333333333,29.399166666666666,4508391.2700000005,28.009166666666665,17.148333333333333
Kouroumari,2019,hivernage,casiers,26707.0,167185.82,kouroumari,54.82786885245902,5.58672131147541,65.0,122,312,261.4,20.36672131147541,0.2919344262295082,32.90573770491803,4284288.66,30.531967213114754,15.618032786885246
Kouroumari,2019,hivernage,hors_casiers,1399.03,5666.07,kouroumari,54.82786885245902,5.58672131147541,65.0,122,312,261.4,20.36672131147541,0.2919344262295082,32.90573770491803,4284288.66,30.531967213114754,15.618032786885246
Kouroumari,2019,contre_saison,casiers,1587.65,8684.0,kouroumari,38.458333333333336,8.15125,2.0,120,2,0.2,21.973583333333334,0.25756666666666667,28.954166666666666,4525355.79,27.634166666666665,18.885833333333334
Mbewani,2019,hivernage,casiers,19719.5,122320.06,mbewani,59.72950819672131,5.100409836065574,79.0,122,404,466.0,20.19516393442623,0.32827868852459013,31.875409836065575,4233349.7,29.291803278688523,15.024590163934427
Mbewani,2019,hivernage,hors_casiers,244.28,1246.32,mbewani,59.72950819672131,5.100409836065574,79.0,122,404,466.0,20.19516393442623,0.32827868852459013,31.875409836065575,4233349.7,29.291803278688523,15.024590163934427
Mbewani,2019,contre_saison,casiers,1587.61,8097.0,mbewani,38.516666666666666,7.5408333333333335,4.0,120,9,3.6000000000000005,22.193666666666665,0.27922500000000006,28.745,4545794.19,27.828333333333333,16.275
Kemacina,2020,hivernage,casiers,10549.0,67091.64,kemacina,63.51639344262295,4.859999999999999,70.0,122,465,410.0,19.446147540983606,0.23390983606557375,30.775409836065574,4094971.88,28.641803278688528,15.116393442622952
Kemacina,2020,hivernage,hors_casiers,37.79,204.066,kemacina,63.51639344262295,4.859999999999999,70.0,122,465,410.0,19.446147540983606,0.23390983606557375,30.775409836065574,4094971.88,28.641803278688528,15.116393442622952
Kemacina,2020,contre_saison,casiers,1827.08,10762.0,kemacina,44.70247933884298,7.918512396694215,7.0,121,13,2.6999999999999997,22.087272727272726,0.15383471074380167,29.723140495867767,4492345.03,29.079338842975204,16.88099173553719
Kolongo,2020,hivernage,casiers,11096.0,70459.6,kolongo,62.532786885245905,5.108196721311476,67.0,122,437,402.4,19.736229508196722,0.35733606557377046,31.982786885245904,4166841.25,28.975409836065573,17.45327868852459
Kolongo,2020,hivernage,hors_casiers,2207.26,11477.75,kolongo,62.532786885245905,5.108196721311476,67.0,122,437,402.4,19.736229508196722,0.35733606557377046,31.982786885245904,4166841.25,28.975409836065573,17.45327868852459
Kolongo,2020,contre_saison,casiers,960.78,5317.92,kolongo,44.69421487603306,8.331322314049586,3.0,121,8,1.3,22.156446280991734,0.2795867768595041,30.531404958677687,4525478.83,29.09090909090909,19.46363636363636
Sosse_sibila,2020,hivernage,casiers,4598.09,15219.68,sosse,64.5,4.567868852459016,77.0,122,524,458.1,18.910737704918034,0.38890163934426225,31.030327868852456,4041073.63,28.263934426229508,15.244262295081967
Sosse_sibila,2020,hivernage,hors_casiers,,,sosse,64.5,4.567868852459016,77.0,122,524,458.1,18.910737704918034,0.38890163934426225,31.030327868852456,4041073.63,28.263934426229508,15.244262295081967
Niono,2020,hivernage,casiers,13865.0,89429.25,niono,62.31967213114754,4.931393442622951,76.0,122,425,416.1,19.203196721311475,0.20797540983606558,31.36229508196721,4108764.94,29.01311475409836,15.457377049180327
Niono,2020,hivernage,hors_casiers,430.0,2322.0,niono,62.31967213114754,4.931393442622951,76.0,122,425,416.1,19.203196721311475,0.20797540983606558,31.36229508196721,4108764.94,29.01311475409836,15.457377049180327
Niono,2020,contre_saison,casiers,1890.0,10338.3,niono,45.20661157024794,8.063553719008263,3.0,121,9,3.3000000000000003,21.742727272727272,0.1500495867768595,30.272727272727273,4499860.46,29.115702479338843,17.78099173553719
Molodo,2020,hivernage,casiers,12251.98,75901.02,molodo,62.31967213114754,4.932295081967213,76.0,122,425,416.1,19.203196721311475,0.20797540983606558,31.370491803278686,4108764.94,29.022131147540982,15.457377049180327
Molodo,2020,hivernage,hors_casiers,1057.8,4865.88,molodo,62.31967213114754,4.932295081967213,76.0,122,425,416.1,19.203196721311475,0.20797540983606558,31.370491803278686,4108764.94,29.022131147540982,15.457377049180327
Molodo,2020,contre_saison,casiers,2006.93,12248.29,molodo,45.20661157024794,8.065371900826445,3.0,121,9,3.3000000000000003,21.742727272727272,0.1500495867768595,30.289256198347108,4499860.46,29.13305785123967,17.78099173553719
Ndebougou,2020,hivernage,casiers,19521.0,119078.1,ndebougou,61.19672131147541,5.1110655737704915,72.0,122,424,337.2,19.37155737704918,0.29204098360655734,32.18524590163934,4162091.42,29.39918032786885,15.498360655737704
Ndebougou,2020,hivernage,hors_casiers,274.0,1424.8,ndebougou,61.19672131147541,5.1110655737704915,72.0,122,424,337.2,19.37155737704918,0.29204098360655734,32.18524590163934,4162091.42,29.39918032786885,15.498360655737704
Ndebougou,2020,contre_saison,casiers,1370.5,8209.0,ndebougou,45.00826446280992,8.079586776859504,3.0,121,10,4.0,21.772975206611573,0.274702479338843,30.580165289256197,4521196.94,29.164462809917357,17.70495867768595
Kouroumari,2020,hivernage,casiers,26679.26,164077.45,kouroumari,57.99180327868852,5.5048360655737705,65.0,122,356,299.4,19.723852459016392,0.2807950819672131,32.90491803278689,4151482.31,30.272950819672133,16.250819672131147
Kouroumari,2020,hivernage,hors_casiers,1628.0,8140.0,kouroumari,57.99180327868852,5.5048360655737705,65.0,122,356,299.4,19.723852459016392,0.2807950819672131,32.90491803278689,4151482.31,30.272950819672133,16.250819672131147
Kouroumari,2020,contre_saison,casiers,1750.0,9765.0,kouroumari,44.11570247933884,8.525537190082645,3.0,121,13,3.8000000000000003,21.891487603305784,0.2775289256198347,30.06198347107438,4522806.67,28.863636363636363,19.17685950413223
Mbewani,2020,hivernage,casiers,19948.0,127667.2,mbewani,64.24590163934427,4.799426229508197,78.0,122,506,494.40000000000003,19.242295081967214,0.3398934426229508,31.120491803278686,4084133.57,28.525409836065574,15.427049180327868
Mbewani,2020,hivernage,hors_casiers,360.0,1980.0,mbewani,64.24590163934427,4.799426229508197,78.0,122,506,494.40000000000003,19.242295081967214,0.3398934426229508,31.120491803278686,4084133.57,28.525409836065574,15.427049180327868
Mbewani,2020,contre_saison,casiers,2665.0,13937.95,mbewani,45.28099173553719,7.871074380165289,4.0,121,7,1.6,22.001570247933884,0.27571074380165295,30.12479338842975,4491987.56,29.077685950413223,17.095867768595042
Kemacina,2021,hivernage,casiers,10352.32,66254.848,kemacina,54.74590163934426,5.224098360655738,65.0,122,309,260.0,20.51983606557377,0.22981967213114754,31.342622950819674,4345504.71,29.195081967213117,14.972131147540983
Kemacina,2021,hivernage,hors_casiers,65.13,352.35,kemacina,54.74590163934426,5.224098360655738,65.0,122,309,260.0,20.51983606557377,0.22981967213114754,31.342622950819674,4345504.71,29.195081967213117,14.972131147540983
Kemacina,2021,contre_saison,casiers,1469.32,7934.33,kemacina,29.158333333333335,8.148916666666667,,120,0,0.0,22.537750000000003,0.15330000000000002,30.261666666666667,4592342.09,29.738333333333333,16.798333333333332
Kolongo,2021,hivernage,casiers,11048.56,70931.755,kolongo,54.532786885245905,5.549016393442623,60.0,122,268,239.6,20.628688524590164,0.3265245901639344,32.9344262295082,4384190.28,29.687704918032786,17.421311475409837
Kolongo,2021,hivernage,hors_casiers,2325.93,12157.64,kolongo,54.532786885245905,5.549016393442623,60.0,122,268,239.6,20.628688524590164,0.3265245901639344,32.9344262295082,4384190.28,29.687704918032786,17.421311475409837
Kolongo,2021,contre_saison,casiers,732.58,3970.58,kolongo,29.483333333333334,8.582166666666666,,120,0,0.0,22.507083333333334,0.28339166666666665,30.889166666666664,4577289.67,29.7325,19.309166666666666
Sosse_sibila,2021,hivernage,casiers,4598.09,14952.99,sosse,56.549180327868854,4.966147540983607,81.0,122,372,308.5,20.282459016393442,0.3710573770491803,31.763934426229508,4322542.4799999995,28.786065573770493,15.100819672131147
Sosse_sibila,2021,hivernage,hors_casiers,,,sosse,56.549180327868854,4.966147540983607,81.0,122,372,308.5,20.282459016393442,0.3710573770491803,31.763934426229508,4322542.4799999995,28.786065573770493,15.100819672131147
Niono,2021,hivernage,casiers,14130.0,91421.1,niono,54.51639344262295,5.441557377049181,67.0,122,270,223.5,20.248360655737706,0.18278688524590164,32.55573770491804,4362803.49,29.873770491803278,15.740983606557378
Niono,2021,hivernage,hors_casiers,186.889,1003.22,niono,54.51639344262295,5.441557377049181,67.0,122,270,223.5,20.248360655737706,0.18278688524590164,32.55573770491804,4362803.49,29.873770491803278,15.740983606557378
Niono,2021,contre_saison,casiers,1803.72,9902.42,niono,28.75,8.3505,,120,0,0.0,22.226666666666667,0.149125,30.87,4591768.35,29.83083333333333,17.845000000000002
Molodo,2021,hivernage,casiers,12239.83,76498.938,molodo,54.51639344262295,5.4430327868852455,67.0,122,270,223.5,20.248360655737706,0.18278688524590164,32.5672131147541,4362803.49,29.885245901639344,15.740983606557378
Molodo,2021,hivernage,hors_casiers,500.93,2484.61,molodo,54.51639344262295,5.4430327868852455,67.0,122,270,223.5,20.248360655737706,0.18278688524590164,32.5672131147541,4362803.49,29.885245901639344,15.740983606557378
Molodo,2021,contre_saison,casiers,1361.8,7621.99,molodo,28.75,8.352416666666667,,120,0,0.0,22.226666666666667,0.149125,30.888333333333332,4591768.35,29.848333333333336,17.845000000000002
Ndebougou,2021,hivernage,casiers,19232.62,119626.9,ndebougou,54.13934426229508,5.569508196721312,60.0,122,254,228.6,20.289918032786883,0.3082950819672131,33.12868852459016,4377514.11,30.22295081967213,15.85655737704918
Ndebougou,2021,hivernage,hors_casiers,128.4,577.16,ndebougou,54.13934426229508,5.569508196721312,60.0,122,254,228.6,20.289918032786883,0.3082950819672131,33.12868852459016,4377514.11,30.22295081967213,15.85655737704918
Ndebougou,2021,contre_saison,casiers,1247.89,7312.64,ndebougou,28.375,8.372666666666667,,120,0,0.0,22.185583333333334,0.2718166666666667,31.29416666666667,4595685.97,29.88,17.8075
Kouroumari,2021,hivernage,casiers,22445.0,137138.95,kouroumari,51.34426229508197,5.948852459016393,49.0,122,176,131.8,20.79213114754098,0.315344262295082,33.50983606557377,4492454.73,30.925409836065576,16.692622950819672
Kouroumari,2021,hivernage,hors_casiers,867.74,3765.99,kouroumari,51.34426229508197,5.948852459016393,49.0,122,176,131.8,20.79213114754098,0.315344262295082,33.50983606557377,4492454.73,30.925409836065576,16.692622950819672
Kouroumari,2021,contre_saison,casiers,1487.73,8227.15,kouroumari,26.95,8.735583333333333,,120,0,0.0,22.138416666666668,0.275,30.735,4552966.17,29.540833333333335,19.145833333333332
Mbewani,2021,hivernage,casiers,19265.0,121446.56,mbewani,56.07377049180328,5.248360655737705,75.0,122,345,291.3,20.457049180327868,0.315172131147541,32.09426229508197,4331027.8,29.214754098360654,15.548360655737707
Mbewani,2021,hivernage,hors_casiers,210.0,1096.2,mbewani,56.07377049180328,5.248360655737705,75.0,122,345,291.3,20.457049180327868,0.315172131147541,32.09426229508197,4331027.8,29.214754098360654,15.548360655737707
Mbewani,2021,contre_saison,casiers,1221.18,6386.77,mbewani,29.583333333333332,8.11075,,120,0,0.0,22.447083333333335,0.27003333333333335,30.921666666666667,4588692.27,29.859166666666667,17.176666666666666
Kemacina,2022,hivernage,casiers,10384.69,63865.844,kemacina,66.11475409836065,4.969672131147541,82.0,122,404,432.9,20.147704918032787,0.17773770491803279,30.502459016393445,4046787.32,28.105737704918035,15.54016393442623
Kemacina,2022,hivernage,hors_casiers,64.94,313.66,kemacina,66.11475409836065,4.969672131147541,82.0,122,404,432.9,20.147704918032787,0.17773770491803279,30.502459016393445,4046787.32,28.105737704918035,15.54016393442623
Kemacina,2022,contre_saison,casiers,1638.5,9257.53,kemacina,33.75,7.870083333333333,1.0,120,1,0.3,22.561,0.15508333333333332,29.855,4579391.46,28.81833333333333,16.269166666666667
Kolongo,2022,hivernage,casiers,11064.8,68004.261,kolongo,64.87704918032787,5.168360655737705,79.0,122,386,411.0,20.348278688524587,0.31726229508196724,31.65655737704918,4124779.18,28.347540983606557,17.8827868852459
Kolongo,2022,hivernage,hors_casiers,1888.43,9359.06,kolongo,64.87704918032787,5.168360655737705,79.0,122,386,411.0,20.348278688524587,0.31726229508196724,31.65655737704918,4124779.18,28.347540983606557,17.8827868852459
Kolongo,2022,contre_saison,casiers,912.25,5126.85,kolongo,33.49166666666667,8.31125,1.0,120,3,0.5,22.620916666666666,0.28025,30.75583333333333,4587274.92,28.8925,19.059166666666666
Sosse_sibila,2022,hivernage,casiers,4598.09,14286.266,sosse,67.81147540983606,4.686147540983606,83.0,122,459,573.4,19.70622950819672,0.31761475409836065,30.599999999999998,3993565.47,27.734426229508195,15.65327868852459
Sosse_sibila,2022,hivernage,hors_casiers,,,sosse,67.81147540983606,4.686147540983606,83.0,122,459,573.4,19.70622950819672,0.31761475409836065,30.599999999999998,3993565.47,27.734426229508195,15.65327868852459
Niono,2022,hivernage,casiers,14151.13,82784.111,niono,64.64754098360656,5.091229508196721,81.0,122,413,443.8,20.136311475409837,0.1914344262295082,31.044262295081968,4151192.74,28.411475409836065,15.97622950819672
Niono,2022,hivernage,hors_casiers,251.88,1259.4,niono,64.64754098360656,5.091229508196721,81.0,122,413,443.8,20.136311475409837,0.1914344262295082,31.044262295081968,4151192.74,28.411475409836065,15.97622950819672
Niono,2022,contre_saison,casiers,1804.12,10137.33,niono,33.5,8.037166666666668,,120,0,0.0,22.18708333333333,0.15025000000000002,30.383333333333333,4547150.16,28.84916666666667,17.3875
Molodo,2022,hivernage,casiers,10253.77,61625.158,molodo,64.64754098360656,5.092213114754099,81.0,122,413,443.8,20.136311475409837,0.1914344262295082,31.055737704918034,4151192.74,28.428688524590164,15.97622950819672
Molodo,2022,hivernage,hors_casiers,865.68,4233.18,molodo,64.64754098360656,5.092213114754099,81.0,122,413,443.8,20.136311475409837,0.1914344262295082,31.055737704918034,4151192.74,28.428688524590164,15.97622950819672
Molodo,2022,contre_saison,casiers,1635.36,9125.31,molodo,33.5,8.0385,,120,0,0.0,22.18708333333333,0.15025000000000002,30.4,4547150.16,28.868333333333332,17.3875
Ndebougou,2022,hivernage,casiers,18969.3,114195.186,ndebougou,64.01639344262296,5.197786885245901,74.0,122,380,411.9,20.25,0.2965901639344262,31.694262295081966,4215758.5,28.64262295081967,16.058196721311475
Ndebougou,2022,hivernage,hors_casiers,389.92,1742.94,ndebougou,64.01639344262296,5.197786885245901,74.0,122,380,411.9,20.25,0.2965901639344262,31.694262295081966,4215758.5,28.64262295081967,16.058196721311475
Ndebougou,2022,contre_saison,casiers,1534.86,9132.42,ndebougou,33.34166666666667,8.051083333333333,,120,0,0.0,22.169333333333334,0.27585000000000004,30.823333333333334,4547772.05,28.918333333333333,17.27583333333333
Kouroumari,2022,hivernage,casiers,22762.86,138853.446,kouroumari,60.89344262295082,5.440655737704918,66.0,122,314,311.8,20.60360655737705,0.30113934426229505,31.891803278688528,4291024.62,29.17295081967213,16.695901639344264
Kouroumari,2022,hivernage,hors_casiers,1178.56,4949.95,kouroumari,60.89344262295082,5.440655737704918,66.0,122,314,311.8,20.60360655737705,0.30113934426229505,31.891803278688528,4291024.62,29.17295081967213,16.695901639344264
Kouroumari,2022,contre_saison,casiers,2228.7,13260.77,kouroumari,32.125,8.4035,,120,0,0.0,22.265916666666666,0.27835,30.272499999999997,4562497.69,28.631666666666668,18.620833333333334
Mbewani,2022,hivernage,casiers,19346.97,118016.517,mbewani,66.94262295081967,4.912786885245902,77.0,122,431,506.0,20.11344262295082,0.2808032786885246,30.78688524590164,4066135.2,27.911475409836065,15.890163934426228
Mbewani,2022,hivernage,hors_casiers,261.28,1288.11,mbewani,66.94262295081967,4.912786885245902,77.0,122,431,506.0,20.11344262295082,0.2808032786885246,30.78688524590164,4066135.2,27.911475409836065,15.890163934426228
Mbewani,2022,contre_saison,casiers,2480.0,12648.0,mbewani,34.45,7.830333333333333,2.0,120,3,0.30000000000000004,22.493166666666664,0.271875,30.461666666666666,4557836.44,28.91,16.5775
Kemacina,2023,hivernage,casiers,10424.73,65154.563,kemacina,69.02459016393442,5.092459016393442,79.0,122,337,513.8,20.898360655737704,0.2310983606557377,31.041803278688523,4203452.16,28.81065573770492,15.02377049180328
Kemacina,2023,hivernage,hors_casiers,57.33,314.17,kemacina,69.02459016393442,5.092459016393442,79.0,122,337,513.8,20.898360655737704,0.2310983606557377,31.041803278688523,4203452.16,28.81065573770492,15.02377049180328
Kemacina,2023,contre_saison,casiers,1505.04,8669.03,kemacina,32.041666666666664,7.936583333333333,1.0,120,1,0.2,22.58875,0.1575,29.8175,4556840.56,29.10666666666667,16.3475
Kolongo,2023,hivernage,casiers,10812.2,66711.274,kolongo,68.0327868852459,5.342786885245902,74.0,122,324,496.4,21.128278688524592,0.34798360655737703,32.29672131147541,4236098.48,29.14344262295082,18.09344262295082
Kolongo,2023,hivernage,hors_casiers,1581.02,7873.48,kolongo,68.0327868852459,5.342786885245902,74.0,122,324,496.4,21.128278688524592,0.34798360655737703,32.29672131147541,4236098.48,29.14344262295082,18.09344262295082
Kolongo,2023,contre_saison,casiers,902.33,4951.99,kolongo,32.0,8.36575,2.0,120,3,3.0,22.62458333333333,0.28325,30.717499999999998,4580352.68,29.217499999999998,18.920833333333334
Sosse_sibila,2023,hivernage,casiers,4418.0,12591.3,sosse,70.62295081967213,4.872459016393442,88.0,122,395,532.3000000000001,20.476803278688525,0.377827868852459,30.949180327868852,4118360.79,28.477868852459018,15.133606557377048
Sosse_sibila,2023,hivernage,hors_casiers,,,sosse,70.62295081967213,4.872459016393442,88.0,122,395,532.3000000000001,20.476803278688525,0.377827868852459,30.949180327868852,4118360.79,28.477868852459018,15.133606557377048
Niono,2023,hivernage,casiers,14149.0,83479.1,niono,67.73770491803279,5.240737704918033,74.0,122,329,443.5,20.806475409836064,0.20426229508196722,31.86967213114754,4239944.42,29.218852459016393,16.54344262295082
Niono,2023,hivernage,hors_casiers,370.0,1872.2,niono,67.73770491803279,5.240737704918033,74.0,122,329,443.5,20.806475409836064,0.20426229508196722,31.86967213114754,4239944.42,29.218852459016393,16.54344262295082
Niono,2023,contre_saison,casiers,1336.03,7535.21,niono,32.266666666666666,8.118583333333333,3.0,120,5,0.8999999999999999,22.207916666666666,0.15194166666666667,30.269166666666667,4547577.53,29.16166666666667,17.703333333333333
Molodo,2023,hivernage,casiers,10463.5,61943.92,molodo,67.73770491803279,5.24172131147541,74.0,122,329,443.5,20.806475409836064,0.20426229508196722,31.886885245901638,4239944.42,29.237704918032787,16.54344262295082
Molodo,2023,hivernage,hors_casiers,800.0,3704.0,molodo,67.73770491803279,5.24172131147541,74.0,122,329,443.5,20.806475409836064,0.20426229508196722,31.886885245901638,4239944.42,29.237704918032787,16.54344262295082
Molodo,2023,contre_saison,casiers,1336.03,7535.21,molodo,32.266666666666666,8.120166666666666,3.0,120,5,0.8999999999999999,22.207916666666666,0.15194166666666667,30.28666666666667,4547577.53,29.18,17.703333333333333
Ndebougou,2023,hivernage,casiers,18746.16,114164.114,ndebougou,66.95901639344262,5.307377049180328,78.0,122,310,406.5,20.832459016393443,0.3331065573770492,32.131147540983605,4267159.0,29.386885245901638,15.858196721311476
Ndebougou,2023,hivernage,hors_casiers,309.12,1561.06,ndebougou,66.95901639344262,5.307377049180328,78.0,122,310,406.5,20.832459016393443,0.3331065573770492,32.131147540983605,4267159.0,29.386885245901638,15.858196721311476
Ndebougou,2023,contre_saison,casiers,1703.98,9627.49,ndebougou,32.55833333333333,8.130583333333332,2.0,120,4,1.0,22.161,0.2768083333333333,30.7875,4539142.16,29.241666666666667,17.5825
Kouroumari,2023,hivernage,casiers,22976.0,140383.36,kouroumari,65.31147540983606,5.764508196721311,64.0,122,203,304.0,21.11016393442623,0.30685245901639346,33.07868852459016,4354343.29,30.39672131147541,17.06065573770492
Kouroumari,2023,hivernage,hors_casiers,1295.75,5597.64,kouroumari,65.31147540983606,5.764508196721311,64.0,122,203,304.0,21.11016393442623,0.30685245901639346,33.07868852459016,4354343.29,30.39672131147541,17.06065573770492
Kouroumari,2023,contre_saison,casiers,1902.82,10465.51,kouroumari,32.30833333333333,8.516083333333333,1.0,120,2,0.6,22.24975,0.2818083333333333,30.09333333333333,4550849.03,29.04416666666667,18.785
Mbewani,2023,hivernage,casiers,22489.84,140561.5,mbewani,70.02459016393442,5.03672131147541,78.0,122,362,516.8,20.833688524590166,0.3491147540983606,31.194262295081966,4203159.81,28.62704918032787,15.95327868852459
Mbewani,2023,hivernage,hors_casiers,260.37,1356.53,mbewani,70.02459016393442,5.03672131147541,78.0,122,362,516.8,20.833688524590166,0.3491147540983606,31.194262295081966,4203159.81,28.62704918032787,15.95327868852459
Mbewani,2023,contre_saison,casiers,1214.78,6256.12,mbewani,32.225,7.944333333333334,2.0,120,4,1.0,22.55091666666667,0.27430000000000004,30.5275,4551814.72,29.248333333333335,16.77
